--Sejam as seguintes tabelas:
--Professor
create table Professor(
  numprof char(4),
  profnome varchar(50),
  profrua varchar(50),
  profcidade varchar(20),
  constraint pk_numprof primary
  key(numprof)
 );
--Aluno
create table Aluno(
  numaluno char(4),
  alunome varchar(50),
  alurua varchar(50),
  alucidade varchar(20),
  constraint pk_numaluno primary
  key(numaluno)
);
--Disciplina
create table Disciplina(
  coddisc char(4),
  nomedisciplina varchar(15),
  nomecurso varchar(15),
  qtdeaulas INT,
  constraint pk_coddisc primary
  key(coddisc)
);
--Matricula
create table Matricula(
  coddisc char(4),
  numaluno char(4),
  ano INT,
  foreign key(numaluno) references 
  Aluno(numaluno),
  foreign key(coddisc) references
  Disciplina(coddisc),
  primary key(ano)
);
--ProfDisc
create table ProfDisc(
  coddisc char(4),
  numprof char(4),
  ano INT,
  foreign key(numprof) references 
  Professor(numprof),
  foreign key(coddisc) references
  Disciplina(coddisc),
  primary key(ano)
);

1)create or view info_institucional as select nomedisciplina,
profnome,profcidade,nomecurso from disciplina inner join
profdisc on disciplina.coddisc=disciplina.coddisc inner join 
professor on profdisc.numprof=professor.numprof where ano=2024;

2)select nomedisciplina,profnome from info_institucional;
--Considerando dadas inserções anteriores nas tabelas, veja um exemplo:
nomedisciplina | profnome 
----------------+----------
 InfoInstrument | Marlon
 InfoInstrument | Wender
 InfoInstrument | Wender
 InfoInstrument | Priscila
 SO             | Marlon
 SO             | Wender
 SO             | Wender
 SO             | Priscila
 EDI            | Marlon
 EDI            | Wender
 EDI            | Wender
 EDI            | Priscila
 EDII           | Marlon
 EDII           | Wender
 EDII           | Wender
 EDII           | Priscila
 Estatística    | Marlon
 Estatística    | Wender
 Estatística    | Wender
 Estatística    | Priscila
(20 rows)

3)create or replace view info2 as select
alunome,nomedisciplina,alucidade,nomecurso from aluno
inner join matricula on aluno.numaluno=matricula.numaluno
inner join disciplina on matricula.coddisc=disciplina.coddisc
where ano=2024;

4)select * from info2 where alucidade='Barbacena' 
and nomecurso='TSI';
--Exemplo parcial de view considerando determinadas inserções nas tabelas
alunome | nomedisciplina | alucidade | nomecurso 
---------+----------------+-----------+-----------
 Pedro   | Estatística    | Barbacena | TSI
 Soraia  | Estatística    | Barbacena | TSI
 Soraia  | EDI            | Barbacena | TSI
(3 rows)

5)select * from info_institucional where nomecurso='TSI' and 
profcidade!='Barbacena'
--Exemplo de consulta vazia, pois todos os professores moram em Barbacena
--Tabela Professor
numprof | profnome | profcidade 
---------+----------+-----------
 1       | Marlon  | Barbacena
 2       | Wender  | Barbacena
 3       | Ilma    | Barbacena
 4       | Priscila| Barbacena
(4 rows)
--Visualização da view vazia
nomedisciplina | profnome | profcidade | nomecurso 
----------------+----------+------------+-----------
(0 rows)

6)create or replace view qteaulasministradas
as select profnome,count(qtdeaulas) from professor 
inner join profdisc on professor.numprof=profdisc.numprof
inner join disciplina on profdisc.coddisc=disciplina.coddisc;
--Dada as tabelas:
--Professor
numprof | profnome | profrua | profcidade 
---------+----------+---------+------------
 1       | Marlon   |         | Barbacena
 2       | Wender   |         | Barbacena
 3       | Ilma     |         | Barbacena
 4       | Priscila |         | Barbacena
(4 rows)
--ProfDisc
coddisc | numprof | ano  
---------+---------+------
 04      | 2       | 2024
 03      | 2       | 2023
 01      | 3       | 2019
 03      | 2       | 2024
 05      | 4       | 2024
 02      | 1       | 2024
(6 rows)
--Disciplina
coddisc | nomedisciplina | nomecurso | qtdeaulas 
---------+----------------+-----------+-----------
 05      | Estatística    | TSI       |       120
 04      | EDII           | TSI       |        60
 03      | EDI            | TSI       |        90
 02      | SO             | TSI       |       120
 01      | InfoInstrument | TSI       |        60
(5 rows)

--Exemplo de view
profnome | qtdeaulas 
----------+-----------
 Wender   |        60
 Wender   |        90
 Ilma     |        60
 Wender   |        90
 Priscila |        60
 Marlon   |       120
(6 rows)
-- As tabelas serão usadas como exemplos posteriores

7)create view aulaporcurso as select
profnome, qtdeaulas, nomecurso from professor inner join
profdisc on professor.numprof=profdisc.numprof inner join
disciplina on profdisc.coddisc=disciplina.coddisc;

8)select * from aulaporcurso;
profnome | qtdeaulas | nomecurso 
----------+-----------+-----------
 Wender   |        60 | TSI
 Wender   |        90 | TSI
 Ilma     |        60 | TSI
 Wender   |        90 | TSI
 Priscila |        60 | TSI
 Marlon   |       120 | TSI
(6 rows)

9)
